{
  "resnet50_v1d": "https://download.openmmlab.com/mmclassification/v0/imagenet/resnetv1d50_batch256_20200708-1ad0ce94.pth",
  "resnet101_v1d": "https://download.openmmlab.com/mmclassification/v0/imagenet/resnetv1d101_batch256_20200708-9cb302ef.pth",
  "resnet152_v1d": "https://download.openmmlab.com/mmclassification/v0/imagenet/resnetv1d152_batch256_20200708-e79cb6a2.pth",
  "resnext50": "https://download.openmmlab.com/mmclassification/v0/imagenet/resnext50_32x4d_batch256_20200708-c07adbb7.pth",
  "resnext101": "https://download.openmmlab.com/mmclassification/v0/imagenet/resnext101_32x8d_batch256_20200708-1ec34aa7.pth",
  "resnext152": "https://download.openmmlab.com/mmclassification/v0/imagenet/resnext152_32x4d_batch256_20200708-aab5034c.pth",
  "se-resnet50": "https://download.openmmlab.com/mmclassification/v0/imagenet/se-resnet50_batch256_20200804-ae206104.pth",
  "se-resnet101": "https://download.openmmlab.com/mmclassification/v0/imagenet/se-resnet101_batch256_20200804-ba5b51d4.pth",
  "shufflenet_v1": "https://download.openmmlab.com/mmclassification/v0/imagenet/shufflenet_v1_batch1024_20200804-5d6cec73.pth",
  "shufflenet_v2": "https://download.openmmlab.com/mmclassification/v0/imagenet/shufflenet_v2_batch1024_20200812-5bf4721e.pth",
  "mobilenet_v2": "https://download.openmmlab.com/mmclassification/v0/imagenet/mobilenet_v2_batch256_20200708-3b2dc3af.pth"
}
